query, lng, lat, toponymName, geonameId, name-en, countryId, countryName-en, name-et, countryName-et, name-ru, countryName-ru
"Africa", "21.09375", "7.1881", "Africa", "6255146", "Africa", "undefined", "undefined", "Aafrika", "undefined", "Африка", "undefined"
"Asia", "89.29688", "29.84064", "Asia", "6255147", "Asia", "undefined", "undefined", "Aasia", "undefined", "Азия", "undefined"
"Adavere", "25.89917", "58.70611", "Adavere", "592619", "Adavere", "453733", "Estonia", "Adavere", "Eesti", "Адавере", "Эстония"
"Aegviidu", "25.61417", "59.28583", "Aegviidu", "592611", "Aegviidu", "453733", "Estonia", "Aegviidu", "Eesti", "Аэгвийду", "Эстония"
"Afghanistan", "66", "33", "Islamic Republic of Afghanistan", "1149361", "Afghanistan", "1149361", "Afghanistan", "Afganistan", "Afganistan", "Афганистан", "Афганистан"
"Ahja", "27.04948", "58.20462", "Ahja vald", "7522438", "Ahja vald", "453733", "Estonia", "Ahja vald", "Eesti", "Ahja vald", "Эстония"
"Alabama", "-86.75026", "32.75041", "Alabama", "4829764", "Alabama", "6252001", "United States", "Alabama", "Ameerika Ühendriigid", "Алабама", "Сша"
"Alaska", "-150.00028", "64.00028", "Alaska", "5879092", "Alaska", "6252001", "United States", "Alaska", "Ameerika Ühendriigid", "Аляска", "Сша"
"Albania", "20", "41", "Republic of Albania", "783754", "Albania", "783754", "Albania", "Albaania", "Albaania", "Албания", "Албания"
"Alban", "-96.76797", "17.04435", "Monte Albán", "3523047", "Monte Albán", "3996063", "Mexico", "Monte Albán", "Mehhiko", "Монте-Альбан", "Мексика"
"Altenstadt", "10.11437", "48.1603", "Altenstadt", "2957468", "Altenstadt", "2921044", "Germany", "Altenstadt", "Saksamaa", "Альтенштадт", "Германия"
"Ambla", "25.83805", "59.15902", "Ambla vald", "7522442", "Ambla vald", "453733", "Estonia", "Ambla vald", "Eesti", "Ambla vald", "Эстония"
"Amsterdam", "4.88969", "52.37403", "Amsterdam", "2759794", "Amsterdam", "2750405", "Netherlands", "Amsterdam", "Madalmaad", "Амстердам", "Нидерланды"
"Annapolis", "-76.49218", "38.97845", "Annapolis", "4347242", "Annapolis", "6252001", "United States", "Annapolis", "Ameerika Ühendriigid", "Аннаполис", "Сша"
"Antsla", "26.53222", "57.86611", "Vana-Antsla", "587826", "Vana-Antsla", "453733", "Estonia", "Vana-Antsla", "Eesti", "Vana-Antsla", "Эстония"
"Argentina", "-64", "-34", "Argentine Republic", "3865483", "Argentina", "3865483", "Argentina", "Argentiina", "Argentiina", "Аргентина", "Аргентина"
"Arkhangelsk", "40.5433", "64.5401", "Arkhangel’sk", "581049", "Arkhangelsk", "2017370", "Russia", "Arkhangel’sk", "Venemaa", "Архангельск", "Россия"
"Arizona", "-111.50098", "34.5003", "Arizona", "5551752", "Arizona", "6252001", "United States", "Arizona", "Ameerika Ühendriigid", "Аризона", "Сша"
"Aru", "135.23071", "-6.04224", "Aru Sea", "8617690", "Aru Sea", "undefined", "undefined", "Aru Sea", "undefined", "Aru Sea", "undefined"
"Aseri", "26.8675", "59.45056", "Aseri", "592379", "Aseri", "453733", "Estonia", "Aseri", "Eesti", "Азерн", "Эстония"
"Augsburg", "10.89851", "48.37154", "Augsburg", "2954172", "Augsburg", "2921044", "Germany", "Augsburg", "Saksamaa", "Аугсбург", "Германия"
"Australia", "135", "-25", "Commonwealth of Australia", "2077456", "Australia", "2077456", "Australia", "Austraalia", "Austraalia", "Австралия", "Австралия"
"Austria", "13.33333", "47.33333", "Republic of Austria", "2782113", "Austria", "2782113", "Austria", "Austria", "Austria", "Австрия", "Австрия"
"Austria-Hungary", "20.78333", "48.1", "Miskolc", "717582", "Miskolc", "719819", "Hungary", "Miskolc", "Ungari", "Мишкольц", "Венгрия"
"Avinurme", "26.86417", "58.98222", "Avinurme", "592334", "Avinurme", "453733", "Estonia", "Avinurme vald", "Eesti", "Авинурме", "Эстония"
"Bad Wörishofen", "10.59666", "48.00674", "Bad Wörishofen", "2953313", "Bad Wörishofen", "2921044", "Germany", "Bad Wörishofen", "Saksamaa", "Бад-Вёрисхофен", "Германия"
"Baden", "8.23975", "48.7606", "Baden-Baden", "2953504", "Baden-Baden", "2921044", "Germany", "Baden-Baden", "Saksamaa", "Баден-Баден", "Германия"
"Bayern", "11.5", "49", "Bavaria", "2951839", "Bavaria", "2921044", "Germany", "Baieri", "Saksamaa", "Бавария", "Германия"
"Baltimore", "-76.61219", "39.29038", "Baltimore", "4347778", "Baltimore", "6252001", "United States", "Baltimore", "Ameerika Ühendriigid", "Балтимор", "Сша"
"Bamberg", "10.90067", "49.89873", "Bamberg", "2952984", "Bamberg", "2921044", "Germany", "Bamberg", "Saksamaa", "Бамберг", "Германия"
"San Francisco Bay Area", "-122.41942", "37.77493", "San Francisco", "5391959", "San Francisco", "6252001", "United States", "San Francisco", "Ameerika Ühendriigid", "Сан-Франциско", "Сша"
"Beaverton", "-122.80371", "45.48706", "Beaverton", "5713376", "Beaverton", "6252001", "United States", "Beaverton", "Ameerika Ühendriigid", "Бивертон", "Сша"
"Belgium", "4.5", "50.75", "Kingdom of Belgium", "2802361", "Belgium", "2802361", "Belgium", "Belgia", "Belgia", "Бельгия", "Бельгия"
"Berkeley", "-122.27275", "37.87159", "Berkeley", "5327684", "Berkeley", "6252001", "United States", "Berkeley", "Ameerika Ühendriigid", "Беркли", "Сша"
"Berlin", "13.41053", "52.52437", "Berlin", "2950159", "Berlin", "2921044", "Germany", "Berliin", "Saksamaa", "Берлин", "Германия"
"Bessarabia", "28.5", "47", "Bessarabia", "618569", "Bessarabia", "617790", "Moldova", "Bessarabia", "Moldova", "Bessarabia", "Молдова"
"Bethel", "-160.50056", "60.75056", "Bethel Census Area", "5880573", "Bethel Census Area", "6252001", "United States", "Bethel Census Area", "Ameerika Ühendriigid", "Бетел", "Сша"
"Bodensee", "8.97098", "47.74194", "Radolfzell am Bodensee", "2850954", "Radolfzell", "2921044", "Germany", "Radolfzell", "Saksamaa", "Радольфцелль", "Германия"
"Boizenburg", "10.72375", "53.38153", "Boizenburg", "2946821", "Boizenburg", "2921044", "Germany", "Boizenburg", "Saksamaa", "Бойценбург", "Германия"
"Bornhorst", "8.27571", "53.16727", "Klein Bornhorst", "2889689", "Klein Bornhorst", "2921044", "Germany", "Klein Bornhorst", "Saksamaa", "Klein Bornhorst", "Германия"
"Boston", "-71.05977", "42.35843", "Boston", "4930956", "Boston", "6252001", "United States", "Boston", "Ameerika Ühendriigid", "Бостон", "Сша"
"Botswana", "24", "-22", "Republic of Botswana", "933860", "Botswana", "933860", "Botswana", "Botswana", "Botswana", "Ботсвана", "Ботсвана"
"Brandenburg", "13.01582", "52.45905", "Brandenburg", "2945356", "Brandenburg", "2921044", "Germany", "Brandenburg", "Saksamaa", "Бранденбург", "Германия"
"Brasil", "-55", "-10", "Federative Republic of Brazil", "3469034", "Brazil", "3469034", "Brazil", "Brasiilia", "Brasiilia", "Бразилия", "Бразилия"
"Braunschweig", "10.52673", "52.26594", "Braunschweig", "2945024", "Brunswick", "2921044", "Germany", "Braunschweig", "Saksamaa", "Брауншвейг", "Германия"
"Bregenz", "9.7471", "47.50311", "Bregenz", "2781503", "Bregenz", "2782113", "Austria", "Bregenz", "Austria", "Брегенц", "Австрия"
"Bremerhaven", "8.57673", "53.55021", "Bremerhaven", "2944368", "Bremerhaven", "2921044", "Germany", "Bremerhaven", "Saksamaa", "Бремерхафен", "Германия"
"Bridgetown", "-59.62021", "13.10732", "Bridgetown", "3374036", "Bridgetown", "3374084", "Barbados", "Bridgetown", "Barbados", "Бриджтаун", "Барбадос"
"British Columbia", "-125.0032", "53.99983", "British Columbia", "5909050", "British Columbia", "6251999", "Canada", "Briti Columbia", "Kanada", "Британская Колумбия", "Канада"
"Bronx", "-73.86641", "40.84985", "The Bronx", "5110266", "Bronx", "6252001", "United States", "The Bronx", "Ameerika Ühendriigid", "Бронкс", "Сша"
"Brooklyn", "-73.94958", "40.6501", "Brooklyn", "5110302", "Brooklyn", "6252001", "United States", "Brooklyn", "Ameerika Ühendriigid", "Бруклин", "Сша"
"Brussels", "4.34878", "50.85045", "Brussels", "2800866", "Brussels", "2802361", "Belgium", "Brüssel", "Belgia", "Брюссель", "Бельгия"
"Bulgaria", "25.25", "42.66667", "Republic of Bulgaria", "732800", "Bulgaria", "732800", "Bulgaria", "Bulgaaria", "Bulgaaria", "Болгария", "Болгария"
"California", "-116.78467", "34.68743", "Southern California", "11071615", "Southern California", "6252001", "United States", "Southern California", "Ameerika Ühendriigid", "Southern California", "Сша"
"Cēsis", "25.27456", "57.31188", "Cēsis", "460570", "Cēsis", "458258", "Latvia", "Cēsis", "Läti", "Цесис", "Латвия"
"Chicago", "-87.65005", "41.85003", "Chicago", "4887398", "Chicago", "6252001", "United States", "Chicago", "Ameerika Ühendriigid", "Чикаго", "Сша"
"Cleveland", "-81.69541", "41.4995", "Cleveland", "5150529", "Cleveland", "6252001", "United States", "Cleveland", "Ameerika Ühendriigid", "Кливленд", "Сша"
"Colgate", "-103.89497", "49.39447", "Colgate", "5925250", "Colgate", "6251999", "Canada", "Colgate", "Kanada", "Colgate", "Канада"
"Connecticut", "-72.66648", "41.66704", "Connecticut", "4831725", "Connecticut", "6252001", "United States", "Connecticut", "Ameerika Ühendriigid", "Коннектикут", "Сша"
"Corpus Christi", "-97.39638", "27.80058", "Corpus Christi", "4683416", "Corpus Christi", "6252001", "United States", "Corpus Christi", "Ameerika Ühendriigid", "Корпус-Кристи", "Сша"
"Dachau", "11.43402", "48.26", "Dachau", "2939623", "Dachau", "2921044", "Germany", "Dachau", "Saksamaa", "Дахау", "Германия"
"Dallas", "-96.80667", "32.78306", "Dallas", "4684888", "Dallas", "6252001", "United States", "Dallas", "Ameerika Ühendriigid", "Даллас", "Сша"
"Gdansk", "18.64637", "54.35205", "Gdańsk", "3099434", "Gdańsk", "798544", "Poland", "Gdańsk", "Poola", "Гданьск", "Польша"
"Denver", "-104.9847", "39.73915", "Denver", "5419384", "Denver", "6252001", "United States", "Denver", "Ameerika Ühendriigid", "Денвер", "Сша"
"Detroit", "-83.04575", "42.33143", "Detroit", "4990729", "Detroit", "6252001", "United States", "Detroit", "Ameerika Ühendriigid", "Детройт", "Сша"
"Deventer", "6.16389", "52.255", "Deventer", "2756987", "Deventer", "2750405", "Netherlands", "Deventer", "Madalmaad", "Девентер", "Нидерланды"
"Dortmund", "7.466", "51.51494", "Dortmund", "2935517", "Dortmund", "2921044", "Germany", "Dortmund", "Saksamaa", "Дортмунд", "Германия"
"Dover", "-75.52437", "39.15817", "Dover", "4142290", "Dover", "6252001", "United States", "Dover", "Ameerika Ühendriigid", "Довер", "Сша"
"Dresden", "13.73832", "51.05089", "Dresden", "2935022", "Dresden", "2921044", "Germany", "Dresden", "Saksamaa", "Дрезден", "Германия"
"Dudinka", "86.17778", "69.40583", "Dudinka", "1507116", "Dudinka", "2017370", "Russia", "Dudinka", "Venemaa", "Дудинка", "Россия"
"Estonia", "26", "59", "Republic of Estonia", "453733", "Estonia", "453733", "Estonia", "Eesti", "Eesti", "Эстония", "Эстония"
"Estonian University of Life Sciences", "", "", "", "", "", "", "", "", "", "", ""
"Eger", "20.37329", "47.90265", "Eger", "721239", "Eger", "719819", "Hungary", "Eger", "Ungari", "Эгер", "Венгрия"
"Egypt", "30", "27", "Arab Republic of Egypt", "357994", "Egypt", "357994", "Egypt", "Egiptus", "Egiptus", "Египет", "Египет"
"Ellis Island", "143.69196", "-13.36766", "Ellis Island", "2167483", "Ellis Island", "2077456", "Australia", "Ellis Island", "Austraalia", "Ellis Island", "Австралия"
"Elva", "26.42111", "58.2225", "Elva", "592279", "Elva", "453733", "Estonia", "Elva", "Eesti", "Элва", "Эстония"
"Emmaste", "22.56902", "58.7912", "Emmaste vald", "7522267", "Emmaste vald", "453733", "Estonia", "Emmaste vald", "Eesti", "Emmaste vald", "Эстония"
"Europe", "28.38867", "51.72703", "Eastern Europe", "7729884", "Eastern Europe", "undefined", "undefined", "Eastern Europe", "undefined", "Восточная Европа", "undefined"
"Philippines", "122", "13", "Republic of the Philippines", "1694008", "Philippines", "1694008", "Philippines", "Filipiinid", "Filipiinid", "Филиппины", "Филиппины"
"Finow", "13.81951", "52.83492", "Eberswalde", "2933882", "Eberswalde", "2921044", "Germany", "Eberswalde", "Saksamaa", "Эберсвальде", "Германия"
"Flensburg", "9.43961", "54.78431", "Flensburg", "2926271", "Flensburg", "2921044", "Germany", "Flensburg", "Saksamaa", "Фленсбург", "Германия"
"Florida", "-82.5001", "28.75054", "Florida", "4155751", "Florida", "6252001", "United States", "Florida", "Ameerika Ühendriigid", "Флорида", "Сша"
"Frankfurt", "8.68417", "50.11552", "Frankfurt am Main", "2925533", "Frankfurt am Main", "2921044", "Germany", "Frankfurt", "Saksamaa", "Франкфурт-на-Майне", "Германия"
"Frankfurt am Oder", "", "", "", "", "", "", "", "", "", "", ""
"Fresno", "-119.77237", "36.74773", "Fresno", "5350937", "Fresno", "6252001", "United States", "Fresno", "Ameerika Ühendriigid", "Фресно", "Сша"
"Frisia", "5.83333", "53.16667", "Provincie Friesland", "2755812", "Friesland", "2750405", "Netherlands", "Provincie Friesland", "Madalmaad", "Фрисланд", "Нидерланды"
"Gdańsk (Danzig)", "18.64637", "54.35205", "Gdańsk", "3099434", "Gdańsk", "798544", "Poland", "Gdańsk", "Poola", "Гданьск", "Польша"
"Gdynia (Gotenhafen)", "18.53188", "54.51889", "Gdynia", "3099424", "Gdynia", "798544", "Poland", "Gdynia", "Poola", "Гдыня", "Польша"
"Geislingen", "9.82736", "48.62423", "Geislingen an der Steige", "2921653", "Geislingen an der Steige", "2921044", "Germany", "Geislingen an der Steige", "Saksamaa", "Гайслинген-ан-дер-Штайге", "Германия"
"Giza", "31.21093", "30.00808", "Giza", "360995", "Giza", "357994", "Egypt", "Giza", "Egiptus", "Гиза", "Египет"
"Gorki", "30.9863", "54.2862", "Horki", "627905", "Horki", "630336", "Belarus", "Horki", "Valgevene", "Горки", "Беларусь"
"Gotenhafen", "18.53188", "54.51889", "Gdynia", "3099424", "Gdynia", "798544", "Poland", "Gdynia", "Poola", "Гдыня", "Польша"
"Gotland", "18.55", "57.5", "Gotland", "2711511", "Gotland", "2661886", "Sweden", "Ojamaa", "Rootsi", "Готланд", "Швеция"
"Gödersdorf", "13.85167", "46.57167", "Gödersdorf", "2778407", "Gödersdorf", "2782113", "Austria", "Gödersdorf", "Austria", "Gödersdorf", "Австрия"
"Gothenburg", "11.96679", "57.70716", "Göteborg", "2711537", "Gothenburg", "2661886", "Sweden", "Göteborg", "Rootsi", "Гётеборг", "Швеция"
"Götzingen", "9.39543", "49.49458", "Götzingen", "2918518", "Götzingen", "2921044", "Germany", "Götzingen", "Saksamaa", "Götzingen", "Германия"
"Göttingen", "9.93228", "51.53443", "Göttingen", "2918632", "Göttingen", "2921044", "Germany", "Göttingen", "Saksamaa", "Гёттинген", "Германия"
"Haaken", "12.06526", "78.74111", "Haaken Mathiesenfjella", "2730809", "Haaken Mathiesenfjella", "607072", "Svalbard and Jan Mayen", "Haaken Mathiesenfjella", "Svalbard ja Jan Mayen", "Haaken Mathiesenfjella", "Свальбард и Ян-Майен"
"Haapsalu", "23.54139", "58.94306", "Haapsalu", "592225", "Haapsalu", "453733", "Estonia", "Haapsalu", "Eesti", "Хаапсалу", "Эстония"
"Hagenhof", "10.85793", "52.23758", "Hagenhof", "2912501", "Hagenhof", "2921044", "Germany", "Hagenhof", "Saksamaa", "Hagenhof", "Германия"
"Hageri", "24.6525", "59.16306", "Hageri", "592209", "Hageri", "453733", "Estonia", "Hageri", "Eesti", "Хагери", "Эстония"
"Haljala", "26.22015", "59.45427", "Haljala vald", "7522272", "Haljala vald", "453733", "Estonia", "Haljala vald", "Eesti", "Haljala vald", "Эстония"
"Halle", "11.97947", "51.48158", "Halle (Saale)", "2911522", "Halle", "2921044", "Germany", "Halle", "Saksamaa", "Галле", "Германия"
"Halle (Saale)", "11.97947", "51.48158", "Halle (Saale)", "2911522", "Halle", "2921044", "Germany", "Halle", "Saksamaa", "Галле", "Германия"
"Halliste", "25.04583", "58.5075", "Halliste Jõgi", "592196", "Halliste Jõgi", "453733", "Estonia", "Halliste Jõgi", "Eesti", "Halliste Jõgi", "Эстония"
"Hamburg", "10.01534", "53.57532", "Hamburg", "2911298", "Hamburg", "2921044", "Germany", "Hamburg", "Saksamaa", "Гамбург", "Германия"
"Hammelburg", "9.89143", "50.11633", "Hammelburg", "2911214", "Hammelburg", "2921044", "Germany", "Hammelburg", "Saksamaa", "Хаммельбург", "Германия"
"Hanau", "8.91418", "50.13423", "Hanau am Main", "2911007", "Hanau", "2921044", "Germany", "Hanau am Main", "Saksamaa", "Hanau am Main", "Германия"
"Harilaid", "21.86333", "58.47889", "Harilaid", "592176", "Harilaid", "453733", "Estonia", "Harilaid", "Eesti", "Harilaid", "Эстония"
"Harjumaa", "24.75353", "59.43696", "Tallinn", "588409", "Tallinn", "453733", "Estonia", "Tallinn", "Eesti", "Таллин", "Эстония"
"Hawaii", "-156.50028", "20.75028", "Hawaii", "5855797", "Hawaii", "6252001", "United States", "Hawaii osariik", "Ameerika Ühendriigid", "Гавайи", "Сша"
"Heidelberg", "8.69079", "49.40768", "Heidelberg", "2907911", "Heidelberg", "2921044", "Germany", "Heidelberg", "Saksamaa", "Хайдельберг", "Германия"
"Heidenberg", "8.23486", "50.08627", "Heidenberg", "8629615", "Heidenberg", "2921044", "Germany", "Heidenberg", "Saksamaa", "Heidenberg", "Германия"
"Heilbronn", "9.22054", "49.13995", "Heilbronn", "2907669", "Heilbronn", "2921044", "Germany", "Heilbronn", "Saksamaa", "Хайльбронн", "Германия"
"Heilbad Heiligenstadt", "10.13744", "51.37819", "Heilbad Heiligenstadt", "2907545", "Heilbad Heiligenstadt", "2921044", "Germany", "Heilbad Heiligenstadt", "Saksamaa", "Хайльбад-Хайлигенштадт", "Германия"
"Helsinki", "24.93545", "60.16952", "Helsinki", "658225", "Helsinki", "660013", "Finland", "Helsingi", "Soome", "Хельсинки", "Финляндия"
"China", "105", "35", "People’s Republic of China", "1814991", "China", "1814991", "China", "Hiina Rahvavabariik", "Hiina", "Китай", "Китай"
"Hiiumaa", "22.57528", "58.86139", "Hiiumaa", "592132", "Hiiumaa", "453733", "Estonia", "Hiiu maakond", "Eesti", "Хийумаа", "Эстония"
"Spain", "-4", "40", "Kingdom of Spain", "2510769", "Spain", "2510769", "Spain", "Hispaania", "Hispaania", "Испания", "Испания"
"Netherlands", "5.75", "52.25", "Kingdom of the Netherlands", "2750405", "Netherlands", "2750405", "Netherlands", "Madalmaad", "Madalmaad", "Нидерланды", "Нидерланды"
"Houston", "-95.36327", "29.76328", "Houston", "4699066", "Houston", "6252001", "United States", "Houston", "Ameerika Ühendriigid", "Хьюстон", "Сша"
"Häädemeeste", "24.49719", "58.08114", "Häädemeeste", "592232", "Häädemeeste", "453733", "Estonia", "Häädemeeste", "Eesti", "Хяздемеэсте", "Эстония"
"East Prussia", "21", "54", "East Prussia", "772636", "East Prussia", "798544", "Poland", "East Prussia", "Poola", "East Prussia", "Польша"
"East Germany", "12.51559", "52.19498", "German Democratic Republic", "8354410", "East Germany", "2921044", "Germany", "German Democratic Republic", "Saksamaa", "Германская Демократическая Республика", "Германия"
"Ida-Virumaa", "28.19028", "59.37722", "Narva", "590031", "Narva", "453733", "Estonia", "Narva", "Eesti", "Нарва", "Эстония"
"Ireland", "-8", "53", "Ireland", "2963597", "Ireland", "2963597", "Ireland", "Iiri", "Iiri", "Ирландия", "Ирландия"
"Indianapolis", "-86.15804", "39.76838", "Indianapolis", "4259418", "Indianapolis", "6252001", "United States", "Indianapolis", "Ameerika Ühendriigid", "Индианаполис", "Сша"
"England", "0.50415", "52.24067", "East of England", "11591954", "East of England", "2635167", "United Kingdom", "East of England", "Ühendkuningriik", "East of England", "Великобритания"
"Italy", "12.83333", "42.83333", "Repubblica Italiana", "3175395", "Italy", "3175395", "Italy", "Itaalia", "Itaalia", "Италия", "Италия"
"Jaagarahu", "21.97139", "58.40194", "Jaagarahu", "8620642", "Jaagarahu", "453733", "Estonia", "Jaagarahu", "Eesti", "Jaagarahu", "Эстония"
"Japan", "139.75309", "35.68536", "Japan", "1861060", "Japan", "1861060", "Japan", "Jaapan", "Jaapan", "Япония", "Япония"
"Jamaica", "-77.25", "18.16667", "Jamaica", "3489940", "Jamaica", "3489940", "Jamaica", "Jamaica", "Jamaica", "Ямайка", "Ямайка"
"Yaroslavl", "39.87368", "57.62987", "Yaroslavl", "468902", "Yaroslavl", "2017370", "Russia", "Yaroslavl", "Venemaa", "Ярославль", "Россия"
"Jena", "11.5899", "50.92878", "Jena", "2895044", "Jena", "2921044", "Germany", "Jena", "Saksamaa", "Йена", "Германия"
"Jollas", "25.07361", "60.1628", "Jollas", "655661", "Jollas", "660013", "Finland", "Jollas", "Soome", "Jollas", "Финляндия"
"Jõelähtme", "25.1417", "59.44106", "Jõelähtme", "591919", "Jõelähtme Parish", "453733", "Estonia", "Jõelähtme vald", "Eesti", "Йыэляхтме", "Эстония"
"Jõgevamaa", "26.46667", "58.73333", "Jõgevamaa", "591901", "Jõgevamaa", "453733", "Estonia", "Jõgeva maakond", "Eesti", "Йыгевамаа", "Эстония"
"Jägala", "25.14951", "59.47685", "Jägala Jõgi", "591999", "Jägala Jõgi", "453733", "Estonia", "Jägala", "Eesti", "Jägala Jõgi", "Эстония"
"Jäneda", "25.70444", "59.24583", "Jäneda", "591984", "Jäneda", "453733", "Estonia", "Jäneda", "Eesti", "Jäneda", "Эстония"
"Järva-Jaani", "25.89752", "59.0362", "Järva-Jaani vald", "7522287", "Järva-Jaani vald", "453733", "Estonia", "Järva-Jaani vald", "Eesti", "Järva-Jaani vald", "Эстония"
"Järvamaa", "25.66667", "58.91667", "Järvamaa", "591961", "Järvamaa", "453733", "Estonia", "Järva maakond", "Eesti", "Ярвамаа", "Эстония"
"Jüri", "24.89417", "59.35417", "Jüri", "591876", "Jüri", "453733", "Estonia", "Jüri", "Eesti", "Юри", "Эстония"
"Kaarepere", "26.52694", "58.66333", "Kaarepere", "591851", "Kaarepere", "453733", "Estonia", "Kaarepere", "Eesti", "Каарепере", "Эстония"
"Kaatsina", "", "", "", "", "", "", "", "", "", "", ""
"Kadrina", "26.145", "59.33472", "Kadrina", "591783", "Kadrina", "453733", "Estonia", "Kadrina", "Eesti", "Кадрина", "Эстония"
"Kadriorg", "24.79451", "59.43761", "Kadriorg", "6955399", "Kadriorg", "453733", "Estonia", "Kadriorg", "Eesti", "Kadriorg", "Эстония"
"Kalamaja", "24.72985", "59.44953", "Kalamaja kalmistupark", "6698698", "Kalamaja kalmistupark", "453733", "Estonia", "Kalamaja kalmistupark", "Eesti", "Kalamaja kalmistupark", "Эстония"
"Kambja", "26.68996", "58.20255", "Kambja vald", "7522294", "Kambja vald", "453733", "Estonia", "Kambja vald", "Eesti", "Kambja vald", "Эстония"
"Kamensk-Uralsky", "61.9329", "56.4185", "Kamensk-Ural’skiy", "1504826", "Kamensk-Ural'skiy", "2017370", "Russia", "Kamensk-Ural’skiy", "Venemaa", "Каменск-Уральский", "Россия"
"Canada", "-113.64258", "60.10867", "Canada", "6251999", "Canada", "6251999", "Canada", "Kanada", "Kanada", "Канада", "Канада"
"Kapu", "54.48325", "32.6263", "Kaffeh-ye Kapū", "128761", "Kaffeh-ye Kapū", "130758", "Iran", "Kaffeh-ye Kapū", "Iraan", "Kaffeh-ye Kapū", "Иран"
"Karaganda", "73.1658", "49.83333", "Karagandy", "609655", "Karagandy", "1522867", "Kazakhstan", "Karagandy", "Kasahstan", "Караганда", "Казахстан"
"Karksi-Nuia", "25.56278", "58.10333", "Karksi-Nuia", "589922", "Karksi-Nuia", "453733", "Estonia", "Karksi-Nuia", "Eesti", "Каркси", "Эстония"
"Karlsbad", "-117.35059", "33.15809", "Carlsbad", "5334223", "Carlsbad", "6252001", "United States", "Carlsbad", "Ameerika Ühendriigid", "Карлсбад", "Сша"
"Karlsruhe", "8.40444", "49.00937", "Karlsruhe", "2892794", "Karlsruhe", "2921044", "Germany", "Karlsruhe", "Saksamaa", "Карлсруэ", "Германия"
"Kazakhstan", "68", "48", "Republic of Kazakhstan", "1522867", "Kazakhstan", "1522867", "Kazakhstan", "Kasahstan", "Kasahstan", "Казахстан", "Казахстан"
"Kasispea", "25.77306", "59.59778", "Kasispea", "591539", "Kasispea", "453733", "Estonia", "Kasispea", "Eesti", "Kasispea", "Эстония"
"Kassisaba", "24.73135", "59.43126", "Kassisaba", "8619097", "Kassisaba", "453733", "Estonia", "Kassisaba", "Eesti", "Kassisaba", "Эстония"
"Katrineholm", "16.20721", "58.99587", "Katrineholm", "2701223", "Katrineholm", "2661886", "Sweden", "Katrineholm", "Rootsi", "Катринехольм", "Швеция"
"Katsina", "7.60177", "12.99082", "Katsina", "2334802", "Katsina", "2328926", "Nigeria", "Katsina", "Nigeeria", "Катсина", "Нигерия"
"Katyn", "31.69041", "54.77455", "Katyn'", "551732", "Katyn'", "2017370", "Russia", "Katyn'", "Venemaa", "Катынь", "Россия"
"Kaulbach", "7.63333", "49.55", "Kreimbach-Kaulbach", "3207528", "Kreimbach-Kaulbach", "2921044", "Germany", "Kreimbach-Kaulbach", "Saksamaa", "Краймбах-Каульбах", "Германия"
"Kenya", "38", "1", "Republic of Kenya", "192950", "Kenya", "192950", "Kenya", "Keenia", "Keenia", "Кения", "Кения"
"Kehra", "25.32111", "59.33611", "Kehra", "591476", "Kehra", "453733", "Estonia", "Kehra", "Eesti", "Кехра", "Эстония"
"Keila", "24.41306", "59.30361", "Keila", "591472", "Keila", "453733", "Estonia", "Keila", "Eesti", "Кейла", "Эстония"
"Kempten", "10.31389", "47.72674", "Kempten (Allgäu)", "2891621", "Kempten (Allgäu)", "2921044", "Germany", "Kempten (Allgäu)", "Saksamaa", "Kempten (Allgäu)", "Германия"
"Kesklinn", "24.75748", "59.4355", "Kesklinn", "795155", "Kesklinn", "453733", "Estonia", "Kesklinna linnaosa", "Eesti", "Кесклинн", "Эстония"
"Kiel", "10.13489", "54.32133", "Kiel", "2891122", "Kiel", "2921044", "Germany", "Kiel", "Saksamaa", "Киль", "Германия"
"Kihelkonna", "22.02632", "58.41007", "Kihelkonna vald", "7522302", "Kihelkonna vald", "453733", "Estonia", "Kihelkonna vald", "Eesti", "Kihelkonna vald", "Эстония"
"Kihelkonna Parish", "22.02632", "58.41007", "Kihelkonna vald", "7522302", "Kihelkonna vald", "453733", "Estonia", "Kihelkonna vald", "Eesti", "Kihelkonna vald", "Эстония"
"Kihnu", "23.96389", "58.12361", "Kihnu", "591414", "Kihnu", "453733", "Estonia", "Kihnu", "Eesti", "Кихну", "Эстония"
"Kyiv", "30.5238", "50.45466", "Kyiv", "703448", "Kiev", "690791", "Ukraine", "Kiiev", "Ukraina", "Киев", "Украина"
"Kilingi-Nõmme", "24.96417", "58.15028", "Kilingi-Nõmme", "591381", "Kilingi-Nõmme", "453733", "Estonia", "Kilingi-Nõmme", "Eesti", "Килинги-нымме", "Эстония"
"Kingissepp", "28.61343", "59.37331", "Kingisepp", "548602", "Kingisepp", "2017370", "Russia", "Kingissepp", "Venemaa", "Кингисепп", "Россия"
"Kirov", "49.66007", "58.59665", "Kirov", "548408", "Kirov", "2017370", "Russia", "Kirov", "Venemaa", "Киров", "Россия"
"Kivimäe", "26.60306", "58.66556", "Kivimäe", "793332", "Kivimäe", "453733", "Estonia", "Kivimäe", "Eesti", "Kivimäe", "Эстония"
"Klaipeda", "21.14312", "55.70888", "Klaipėda", "598098", "Klaipėda", "597427", "Lithuania", "Klaipėda", "Leedu", "Клайпеда", "Литва"
"Klooga", "24.23", "59.31167", "Klooga Järv", "591305", "Klooga Järv", "453733", "Estonia", "Klooga Järv", "Eesti", "Klooga Järv", "Эстония"
"Koeru", "26.01848", "58.92506", "Koeru vald", "7522306", "Koeru vald", "453733", "Estonia", "Koeru vald", "Eesti", "Koeru vald", "Эстония"
"Kohtla-Järve", "27.27306", "59.39861", "Kohtla-Järve", "591260", "Kohtla-Järve", "453733", "Estonia", "Kohtla-Järve", "Eesti", "Кохтла-Ярве", "Эстония"
"Koidula Street", "", "", "", "", "", "", "", "", "", "", ""
"Koimla Street", "", "", "", "", "", "", "", "", "", "", ""
"Kolgaküla", "25.71294", "59.5299", "Kolgaküla", "591208", "Kolgaküla", "453733", "Estonia", "Kolgaküla", "Eesti", "Колгакюла", "Эстония"
"Görden", "35.43531", "39.07719", "Yazıkışla", "297363", "Yazıkışla", "298795", "Turkey", "Yazıkışla", "Türgi", "Yazıkışla", "Турция"
"Kolpashevo", "82.90889", "58.31306", "Kolpashevo", "1502862", "Kolpashevo", "2017370", "Russia", "Kolpashevo", "Venemaa", "Колпашево", "Россия"
"Konguta", "26.34781", "58.26289", "Konguta vald", "7522315", "Konguta vald", "453733", "Estonia", "Konguta vald", "Eesti", "Konguta vald", "Эстония"
"Koopsi", "26.23775", "58.28108", "Koopsi küla", "11053734", "Koopsi küla", "453733", "Estonia", "Koopsi küla", "Eesti", "Koopsi küla", "Эстония"
"Korea", "127.75", "36.5", "Republic of Korea", "1835841", "South Korea", "1835841", "South Korea", "Lõuna Korea", "Lõuna Korea", "Южная Корея", "Южная Корея"
"Kose", "39.65402", "40.21025", "Köse İlçesi", "8631615", "Köse İlçesi", "298795", "Turkey", "Köse İlçesi", "Türgi", "Köse İlçesi", "Турция"
"Kosovo", "20.91667", "42.58333", "Republic of Kosovo", "831053", "Kosovo", "831053", "Kosovo", "Republic of Kosovo", "Republic of Kosovo", "Косово", "Косово"
"Krasnoyarsk", "92.86717", "56.01839", "Krasnoyarsk", "1502026", "Krasnoyarsk", "2017370", "Russia", "Krasnoyarsk", "Venemaa", "Красноярск", "Россия"
"Crimea", "34", "45", "Crimea", "703884", "Crimea", "690791", "Ukraine", "Crimea", "Ukraina", "Крым", "Украина"
"Krishkina", "", "", "", "", "", "", "", "", "", "", ""
"Kronstadt", "29.76668", "59.99541", "Kronshtadt", "540771", "Kronshtadt", "2017370", "Russia", "Kroonlinn", "Venemaa", "Кронштадт", "Россия"
"Courland", "22", "57", "Kurzeme", "460496", "Kurzeme", "458258", "Latvia", "Kurzeme", "Läti", "Kurzeme", "Латвия"
"Kuressaare", "22.50389", "58.24806", "Kuressaare", "590939", "Kuressaare", "453733", "Estonia", "Kuressaare", "Eesti", "Курессааре", "Эстония"
"Kuusalu", "25.44139", "59.44389", "Kuusalu", "590888", "Kuusalu", "453733", "Estonia", "Kuusalu vald", "Eesti", "Куусалу", "Эстония"
"Kõo", "160.03333", "-9.76667", "Koo", "2107324", "Koo", "2103350", "Solomon Islands", "Koo", "Saalomoni Saared", "Koo", "Соломонские острова"
"Kõo Parish", "", "", "", "", "", "", "", "", "", "", ""
"Kyrgyzstan", "75", "41.5", "Kyrgyz Republic", "1527747", "Kyrgyzstan", "1527747", "Kyrgyzstan", "Kirgiisi", "Kirgiisi", "Кыргызстан", "Кыргызстан"
"Käo", "98.84397", "10.01794", "Khao Mai Kaeo", "1152149", "Khao Mai Kaeo", "1605651", "Thailand", "Khao Mai Kaeo", "Tai", "Khao Mai Kaeo", "Тайланд"
"Kärdla", "22.74917", "58.99778", "Kärdla", "591632", "Kärdla", "453733", "Estonia", "Kärdla", "Eesti", "Кярдла", "Эстония"
"Kärevere", "26.47583", "58.43417", "Kärevere", "591624", "Kärevere", "453733", "Estonia", "Kärevere", "Eesti", "Kärevere", "Эстония"
"Kärsa", "27.08139", "58.1875", "Kärsa", "591576", "Kärsa", "453733", "Estonia", "Kärsa", "Eesti", "Kärsa", "Эстония"
"Käsmu", "25.88722", "59.57917", "Käsmu Järv", "591537", "Käsmu Järv", "453733", "Estonia", "Käsmu Järv", "Eesti", "Käsmu Järv", "Эстония"
"Kääriku", "26.39111", "57.99944", "Kääriku", "794558", "Kääriku", "453733", "Estonia", "Kääriku", "Eesti", "Kääriku", "Эстония"
"Kaliningrad (Königsberg)", "20.51095", "54.70649", "Kaliningrad", "554234", "Kaliningrad", "2017370", "Russia", "Kaliningrad", "Venemaa", "Калининград", "Россия"
"Königswald", "14.04071", "50.75854", "Libouchec", "3071895", "Libouchec", "3077311", "Czechia", "Libouchec", "Tšehhi Vabariik", "Libouchec", "Чешская Республика"
"Laatre", "25.24194", "58.01056", "Laatre", "590849", "Laatre", "453733", "Estonia", "Laatre", "Eesti", "Лаатре", "Эстония"
"Lagedi", "24.93892", "59.40417", "Lagedi", "590839", "Lagedi", "453733", "Estonia", "Lagedi", "Eesti", "Lagedi", "Эстония"
"Lahemaa", "25.80496", "59.5458", "Lahemaa National Park", "11048859", "Lahemaa National Park", "453733", "Estonia", "Lahemaa National Park", "Eesti", "Lahemaa National Park", "Эстония"
"Laobakli", "", "", "", "", "", "", "", "", "", "", ""
"Lasnamäe", "24.7994", "59.41651", "Tallinn Airport", "588404", "Tallinn Airport", "453733", "Estonia", "Tallinna lennujaam", "Eesti", "Таллинский аэропорт", "Эстония"
"Latvia", "25", "57", "Republic of Latvia", "458258", "Latvia", "458258", "Latvia", "Läti", "Läti", "Латвия", "Латвия"
"Luban (Lauban)", "15.28768", "51.12014", "Lubań", "3093040", "Lubań", "798544", "Poland", "Lubań", "Poola", "Любань", "Польша"
"Lithuania", "24", "55.41667", "Republic of Lithuania", "597427", "Lithuania", "597427", "Lithuania", "Leedu", "Leedu", "Литва", "Литва"
"Leipzig", "12.37129", "51.33962", "Leipzig", "2879139", "Leipzig", "2921044", "Germany", "Leipzig", "Saksamaa", "Лейпциг", "Германия"
"Saint Petersburg (Leningrad, Petrograd)", "30.31413", "59.93863", "Saint Petersburg", "498817", "St Petersburg", "2017370", "Russia", "Peterburi", "Venemaa", "Петербург", "Россия"
"Lesotho", "28.25", "-29.5", "Kingdom of Lesotho", "932692", "Lesotho", "932692", "Lesotho", "Lesotho", "Lesotho", "Лесото", "Лесото"
"Lethbridge", "-112.81856", "49.69999", "Lethbridge", "6053154", "Lethbridge", "6251999", "Canada", "Lethbridge", "Kanada", "Летбридж", "Канада"
"Libov", "14.07246", "50.70548", "Libov", "3071892", "Libov", "3077311", "Czechia", "Libov", "Tšehhi Vabariik", "Libov", "Чешская Республика"
"Lichtenstein", "9.53333", "47.16667", "Principality of Liechtenstein", "3042058", "Liechtenstein", "3042058", "Liechtenstein", "Liechtenstein", "Liechtenstein", "Лихтенштейн", "Лихтенштейн"
"Liepāja", "21.01667", "56.51667", "Liepāja", "457954", "Liepāja", "458258", "Latvia", "Liepāja", "Läti", "Лиепая", "Латвия"
"Lindau", "9.68431", "47.54612", "Lindau", "2877550", "Lindau", "2921044", "Germany", "Lindau", "Saksamaa", "Линдау", "Германия"
"Lindi", "38.5", "-9.5", "Lindi Region", "155946", "Lindi", "149590", "Tanzania", "Lindi Region", "Tanzania", "Lindi Region", "Танзания"
"Lingen", "7.31845", "52.52143", "Lingen", "2877088", "Lingen", "2921044", "Germany", "Lingen", "Saksamaa", "Линген", "Германия"
"Loksa", "60.65849", "59.01279", "Urochishche Loksa", "1500391", "Urochishche Loksa", "2017370", "Russia", "Urochishche Loksa", "Venemaa", "Урочище Локса", "Россия"
"London", "-0.12574", "51.50853", "London", "2643743", "London", "2635167", "United Kingdom", "London", "Ühendkuningriik", "Лондон", "Великобритания"
"Los Angeles", "-118.24368", "34.05223", "Los Angeles", "5368361", "Los Angeles", "6252001", "United States", "Los Angeles", "Ameerika Ühendriigid", "Лос-Анджелес", "Сша"
"Ludwigsburg", "9.19161", "48.89731", "Ludwigsburg", "2875392", "Ludwigsburg", "2921044", "Germany", "Ludwigsburg", "Saksamaa", "Людвигсбург", "Германия"
"Ludwigshafen", "8.44641", "49.48121", "Ludwigshafen am Rhein", "2875376", "Ludwigshafen am Rhein", "2921044", "Germany", "Ludwigshafen", "Saksamaa", "Людвигсхафен-на-Рейне", "Германия"
"Luga", "29.84528", "58.73722", "Luga", "533690", "Luga", "2017370", "Russia", "Luga", "Venemaa", "Луга", "Россия"
"Lugansk", "39.31706", "48.56705", "Luhansk", "702658", "Luhansk", "690791", "Ukraine", "Luhansk", "Ukraina", "Луганск", "Украина"
"Lund", "13.19321", "55.70584", "Lund", "2693678", "Lund", "2661886", "Sweden", "Lund", "Rootsi", "Лунд", "Швеция"
"Lääne-Virumaa", "26.35583", "59.34639", "Rakvere", "589165", "Rakvere", "453733", "Estonia", "Rakvere_vald", "Eesti", "Раквере", "Эстония"
"Läänemaa", "23.55", "58.93333", "Läänemaa", "590856", "Lääne", "453733", "Estonia", "Lääne maakond", "Eesti", "Ляэнемаа", "Эстония"
"Läätsa", "22.24933", "58.1424", "Läätsa küla", "11051187", "Läätsa küla", "453733", "Estonia", "Läätsa küla", "Eesti", "Läätsa küla", "Эстония"
"Lübeck", "10.68729", "53.86893", "Lübeck", "2875601", "Lübeck", "2921044", "Germany", "Lübeck", "Saksamaa", "Любек", "Германия"
"Lümanda", "21.98639", "58.27716", "Lümanda vald", "7522336", "Lümanda vald", "453733", "Estonia", "Lümanda vald", "Eesti", "Lümanda vald", "Эстония"
"Madeira", "-16.94699", "32.76737", "Madeira", "2593105", "Madeira", "2264397", "Portugal", "Madeira", "Portugal", "Madeira", "Португалия"
"Magadan", "150.80347", "59.5638", "Magadan", "2123628", "Magadan", "2017370", "Russia", "Magadan", "Venemaa", "Магадан", "Россия"
"Manhattan", "-73.96625", "40.78343", "Manhattan", "5125771", "Manhattan", "6252001", "United States", "Manhattan", "Ameerika Ühendriigid", "Манхеттен", "Сша"
"Mannheim", "8.46694", "49.4891", "Mannheim", "2873891", "Mannheim", "2921044", "Germany", "Mannheim", "Saksamaa", "Мангейм", "Германия"
"Marienbad", "12.70118", "49.96459", "Mariánské Lázně", "3071024", "Mariánské Lázně", "3077311", "Czechia", "Mariánské Lázně", "Tšehhi Vabariik", "Марианске-Лазне", "Чешская Республика"
"Martinez", "-80.12816", "8.37503", "Scarlett Martinez International Airport", "3701862", "Scarlett Martinez International Airport", "3703430", "Panama", "Scarlett Martinez International Airport", "Panama", "Scarlett Martinez International Airport", "Панама"
"Martna", "23.8777", "58.84337", "Martna vald", "7522339", "Martna vald", "453733", "Estonia", "Martna vald", "Eesti", "Martna vald", "Эстония"
"Maslyanino", "84.21111", "54.34361", "Maslyanino", "1499247", "Maslyanino", "2017370", "Russia", "Maslyanino", "Venemaa", "Маслянино", "Россия"
"Mecklenburg", "12.5", "53.83333", "Mecklenburg-Western Pomerania", "2872567", "Mecklenburg-Vorpommern", "2921044", "Germany", "Mecklenburg-Western Pomerania", "Saksamaa", "Mecklenburg-Western Pomerania", "Германия"
"Mexico", "-102", "23", "Mexico", "3996063", "Mexico", "3996063", "Mexico", "Mehhiko", "Mehhiko", "Мексика", "Мексика"
"Mehikoorma", "27.4725", "58.23278", "Mehikoorma", "590283", "Mehikoorma", "453733", "Estonia", "Mehikoorma", "Eesti", "Мехикоорма", "Эстония"
"Melbourne", "144.96332", "-37.814", "Melbourne", "2158177", "Melbourne", "2077456", "Australia", "Melbourne", "Austraalia", "Мельбурн", "Австралия"
"Memmingen", "10.18527", "47.98372", "Memmingen", "2871992", "Memmingen", "2921044", "Germany", "Memmingen", "Saksamaa", "Мемминген", "Германия"
"Merbeck", "6.24972", "51.17442", "Merbeck", "2871840", "Merbeck", "2921044", "Germany", "Merbeck", "Saksamaa", "Merbeck", "Германия"
"Miami", "-80.19366", "25.77427", "Miami", "4164138", "Miami", "6252001", "United States", "Miami", "Ameerika Ühendriigid", "Майами", "Сша"
"Michigan", "-85.50033", "44.25029", "Michigan", "5001836", "Michigan", "6252001", "United States", "Michigan", "Ameerika Ühendriigid", "Мичиган", "Сша"
"Milwaukee", "-87.90647", "43.0389", "Milwaukee", "5263045", "Milwaukee", "6252001", "United States", "Milwaukee", "Ameerika Ühendriigid", "Милуоки", "Сша"
"Montana", "-109.75102", "47.00025", "Montana", "5667009", "Montana", "6252001", "United States", "Montana", "Ameerika Ühendriigid", "Монтана", "Сша"
"Montreal", "-73.58781", "45.50884", "Montréal", "6077243", "Montreal", "6251999", "Canada", "Montréal", "Kanada", "Монреаль", "Канада"
"Moskva", "37.61556", "55.75222", "Moscow", "524901", "Moscow", "2017370", "Russia", "Moskva", "Venemaa", "Москва", "Россия"
"Moscow State University", "37.68508", "55.76592", "Bauman Moscow State Technical University", "6693359", "BMSTU", "2017370", "Russia", "Bauman Moscow State Technical University", "Venemaa", "Московский Государственный Технический Университет им Н.Э. Баумана", "Россия"
"Muhu", "23.2525", "58.5825", "Muhu", "590129", "Muhu", "453733", "Estonia", "Muhu", "Eesti", "Муху", "Эстония"
"Mulgimaa", "", "", "", "", "", "", "", "", "", "", ""
"Mustamäe", "24.68119", "59.40482", "Mustamäe", "794965", "Mustamäe", "453733", "Estonia", "Mustamäe linnaosa", "Eesti", "Мустамяэ", "Эстония"
"Mustjala", "22.25761", "58.46198", "Mustjala vald", "7522346", "Mustjala Parish", "453733", "Estonia", "Mustjala vald", "Eesti", "Mustjala vald", "Эстония"
"Mustla", "25.86667", "58.23333", "Mustla", "590078", "Mustla", "453733", "Estonia", "Mustla", "Eesti", "Мустла", "Эстония"
"Mõisaküla", "25.18639", "58.09222", "Mõisaküla", "590186", "Mõisaküla", "453733", "Estonia", "Mõisaküla", "Eesti", "Мыйзакюла", "Эстония"
"Märjamaa", "24.39423", "58.90262", "Märjamaa vald", "7522357", "Märjamaa vald", "453733", "Estonia", "Märjamaa vald", "Eesti", "Märjamaa vald", "Эстония"
"Munich", "11.57549", "48.13743", "Munich", "2867714", "Munich", "2921044", "Germany", "München", "Saksamaa", "Мюнхен", "Германия"
"Nakhodka", "132.87348", "42.81384", "Nakhodka", "2019528", "Nakhodka", "2017370", "Russia", "Nahhodka", "Venemaa", "Находка", "Россия"
"Naples", "14.26811", "40.85216", "Naples", "3172394", "Naples", "3175395", "Italy", "Napoli", "Itaalia", "Неаполь", "Италия"
"Narva", "28.19028", "59.37722", "Narva", "590031", "Narva", "453733", "Estonia", "Narva", "Eesti", "Нарва", "Эстония"
"Narva-Jõesuu", "28.04083", "59.45889", "Narva-Jõesuu", "590030", "Narva-Jõesuu", "453733", "Estonia", "Narva-Jõesuu", "Eesti", "Нарва-Йыэсуу", "Эстония"
"Naryn", "75.99111", "41.42866", "Naryn", "1527592", "Naryn", "1527747", "Kyrgyzstan", "Naryn", "Kirgiisi", "Нарын", "Кыргызстан"
"Nazarovo", "90.4011", "56.0104", "Nazarovo", "1497951", "Nazarovo", "2017370", "Russia", "Nazarovo", "Venemaa", "Назарово", "Россия"
"Neresheim", "10.33041", "48.75511", "Neresheim", "2866486", "Neresheim", "2921044", "Germany", "Neresheimi vald", "Saksamaa", "Нересхайм", "Германия"
"Neuenstein", "9.55", "50.93333", "Neuenstein", "3208096", "Neuenstein", "2921044", "Germany", "Neuenstein", "Saksamaa", "Нойенштайн", "Германия"
"Nowy Port (Neufahrwasser)", "18.66667", "54.41667", "Nowy Port", "3090474", "Nowy Port", "798544", "Poland", "Nowy Port", "Poola", "Nowy Port", "Польша"
"Świętoszów (Neuhammer)", "15.38489", "51.4735", "Świętoszów", "3083981", "Świętoszów", "798544", "Poland", "Świętoszów", "Poola", "Świętoszów", "Польша"
"New Jersey", "-74.07764", "40.72816", "Jersey City", "5099836", "Jersey City", "6252001", "United States", "Jersey City", "Ameerika Ühendriigid", "Джерси-Сити", "Сша"
"New Orleans", "-90.07507", "29.95465", "New Orleans", "4335045", "New Orleans", "6252001", "United States", "New Orleans", "Ameerika Ühendriigid", "Новый Орлеан", "Сша"
"New York", "-74.00597", "40.71427", "New York City", "5128581", "New York", "6252001", "United States", "New York", "Ameerika Ühendriigid", "Нью-Йорк", "Сша"
"Noarootsi", "23.58239", "59.13324", "Noarootsi vald", "7522360", "Noarootsi vald", "453733", "Estonia", "Noarootsi vald", "Eesti", "Noarootsi vald", "Эстония"
"Norilsk", "88.2027", "69.3535", "Norilsk", "1497337", "Noril'sk", "2017370", "Russia", "Norilsk", "Venemaa", "Норильск", "Россия"
"Norway", "10", "62", "Kingdom of Norway", "3144096", "Norway", "3144096", "Norway", "Norra", "Norra", "Норвегия", "Норвегия"
"North Carolina", "-65.95739", "18.38078", "Carolina", "4563243", "Carolina", "4566966", "Puerto Rico", "Carolina", "Puerto Rico", "Carolina", "Пуэрто-Рико"
"Novosibirsk", "82.9346", "55.0415", "Novosibirsk", "1496747", "Novosibirsk", "2017370", "Russia", "Novosibirsk", "Venemaa", "Новосибирск", "Россия"
"Novokuznetsk", "87.1099", "53.7557", "Novokuznetsk", "1496990", "Novokuznetsk", "2017370", "Russia", "Novokuznetsk", "Venemaa", "Новокузнецк", "Россия"
"Novy Bor, Komi", "", "", "", "", "", "", "", "", "", "", ""
"Nõmme", "24.96417", "58.15028", "Kilingi-Nõmme", "591381", "Kilingi-Nõmme", "453733", "Estonia", "Kilingi-Nõmme", "Eesti", "Килинги-нымме", "Эстония"
"Nõo", "26.52499", "58.24199", "Nõo vald", "7522361", "Nõo vald", "453733", "Estonia", "Nõo vald", "Eesti", "Nõo vald", "Эстония"
"Nuremberg", "11.07752", "49.45421", "Nürnberg", "2861650", "Nuremberg", "2921044", "Germany", "Nürnberg", "Saksamaa", "Нюрнберг", "Германия"
"Nynäshamn", "17.94793", "58.90337", "Nynäshamn", "2687636", "Nynäshamn", "2661886", "Sweden", "Nynäshamn", "Rootsi", "Нюнесхамн", "Швеция"
"Oakland", "-122.2708", "37.80437", "Oakland", "5378538", "Oakland", "6252001", "United States", "Oakland", "Ameerika Ühendriigid", "Окленд", "Сша"
"Odense", "10.38831", "55.39594", "Odense", "2615876", "Odense", "2623032", "Denmark", "Odense", "Taani", "Оденсе", "Дания"
"Ohio", "-83.00018", "40.25034", "Ohio", "5165418", "Ohio", "6252001", "United States", "Ohio", "Ameerika Ühendriigid", "Огайо", "Сша"
"Ölbronn-Dürrn", "8.75", "48.96667", "Ölbronn-Dürrn", "3206256", "Ölbronn-Dürrn", "2921044", "Germany", "Ölbronn-Dürrn", "Saksamaa", "Эльброн-Дюрн", "Германия"
"Oldenburg", "8.21467", "53.14118", "Oldenburg", "2857458", "Oldenburg", "2921044", "Germany", "Oldenburg", "Saksamaa", "Ольденбург", "Германия"
"Omsk", "73.36859", "54.99244", "Omsk", "1496153", "Omsk", "2017370", "Russia", "Omsk", "Venemaa", "Омск", "Россия"
"Opole (Oppeln)", "17.92533", "50.67211", "Opole", "3090048", "Opole", "798544", "Poland", "Opole", "Poola", "Ополе", "Польша"
"Oregon", "-120.50139", "44.00013", "Oregon", "5744337", "Oregon", "6252001", "United States", "Oregon", "Ameerika Ühendriigid", "Орегон", "Сша"
"Orinda", "-122.17969", "37.87715", "Orinda", "5379678", "Orinda", "6252001", "United States", "Orinda", "Ameerika Ühendriigid", "Orinda", "Сша"
"Ottawa", "-75.69812", "45.41117", "Ottawa", "6094817", "Ottawa", "6251999", "Canada", "Ottawa", "Kanada", "Оттава", "Канада"
"Paide", "25.55722", "58.88556", "Paide", "589709", "Paide", "453733", "Estonia", "Paide_vald", "Eesti", "Пайде", "Эстония"
"Pajusi", "26.10594", "58.76321", "Pajusi vald", "7522371", "Pajusi vald", "453733", "Estonia", "Pajusi vald", "Eesti", "Pajusi vald", "Эстония"
"Palamuse", "26.56821", "58.67208", "Palamuse vald", "7522373", "Palamuse vald", "453733", "Estonia", "Palamuse vald", "Eesti", "Palamuse vald", "Эстония"
"Paldiski", "24.05306", "59.35667", "Paldiski", "589663", "Paldiski", "453733", "Estonia", "Paldiski", "Eesti", "Палдиски", "Эстония"
"Palestine", "35.20329", "31.92157", "Palestine", "6254930", "Palestine", "6254930", "Palestine", "Palestiina ala", "Palestiina ala", "Палестинские территории", "Палестинские территории"
"Papiniidu, Riia Way", "", "", "", "", "", "", "", "", "", "", ""
"Parbig", "81.41917", "57.23361", "Parbig", "1495574", "Parbig", "2017370", "Russia", "Parbig", "Venemaa", "Парбиг", "Россия"
"Paris", "2.3488", "48.85341", "Paris", "2988507", "Paris", "3017382", "France", "Pariis", "Prantsusmaa", "Париж", "Франция"
"Pasadena", "-95.2091", "29.69106", "Pasadena", "4717782", "Pasadena", "6252001", "United States", "Pasadena", "Ameerika Ühendriigid", "Пасадина", "Сша"
"Patarei Prison", "", "", "", "", "", "", "", "", "", "", ""
"Bejing", "116.39723", "39.9075", "Beijing", "1816670", "Beijing", "1814991", "China", "Peking", "Hiina", "Пекин", "Китай"
"Penijõe", "23.81806", "58.71417", "Penijõe", "589522", "Penijõe", "453733", "Estonia", "Penijõe", "Eesti", "Penijõe", "Эстония"
"Pennsylvania", "-75.16379", "39.95233", "Philadelphia", "4560349", "Philadelphia", "6252001", "United States", "Philadelphia", "Ameerika Ühendriigid", "Филадельфия", "Сша"
"Perm", "56.25017", "58.01046", "Perm", "511196", "Perm", "2017370", "Russia", "Perm", "Venemaa", "Пермь", "Россия"
"Saint Petersburg State University", "30.29896", "59.94027", "Санкт-Петербургский Государственный Университет", "6693807", "Saint-Petersburg State University", "2017370", "Russia", "Санкт-Петербургский Государственный Университет", "Venemaa", "СПбГУ", "Россия"
"Petershagen", "8.96538", "52.37513", "Petershagen", "2854655", "Petershagen", "2921044", "Germany", "Petershagen", "Saksamaa", "Петерсхаген", "Германия"
"Pechory", "27.6119", "57.81642", "Pechory", "511785", "Pechory", "2017370", "Russia", "Petseri", "Venemaa", "Печоры", "Россия"
"Philadelphia", "-75.16379", "39.95233", "Philadelphia", "4560349", "Philadelphia", "6252001", "United States", "Philadelphia", "Ameerika Ühendriigid", "Филадельфия", "Сша"
"Phoenix", "-112.07404", "33.44838", "Phoenix", "5308655", "Phoenix", "6252001", "United States", "Phoenix", "Ameerika Ühendriigid", "Финикс", "Сша"
"Pyatigorsk", "43.05944", "44.04861", "Pyatigorsk", "503550", "Pyatigorsk", "2017370", "Russia", "Pjatigorsk", "Venemaa", "Пятигорск", "Россия"
"Pskov", "28.3496", "57.8136", "Pskov", "504341", "Pskov", "2017370", "Russia", "Pihkva", "Venemaa", "Псков", "Россия"
"Pilistvere", "25.73167", "58.6575", "Pilistvere", "589440", "Pilistvere", "453733", "Estonia", "Pilistvere", "Eesti", "Pilistvere", "Эстония"
"Pirita-Kose", "24.87824", "59.46001", "Kose", "591076", "Kose", "453733", "Estonia", "Kose", "Eesti", "Kose", "Эстония"
"Pittsburgh", "-79.99589", "40.44062", "Pittsburgh", "5206379", "Pittsburgh", "6252001", "United States", "Pittsburgh", "Ameerika Ühendriigid", "Питтсбург", "Сша"
"Polynesia", "-143.87695", "-17.6859", "Polynesia", "7729901", "Polynesia", "undefined", "undefined", "Polynesia", "undefined", "Полинезия", "undefined"
"Poland", "20", "52", "Republic of Poland", "798544", "Poland", "798544", "Poland", "Poola", "Poola", "Польша", "Польша"
"Porkuni", "26.20444", "59.18194", "Porkuni Järv", "589356", "Porkuni Järv", "453733", "Estonia", "Porkuni Järv", "Eesti", "Porkuni Järv", "Эстония"
"Portland", "-122.67621", "45.52345", "Portland", "5746545", "Portland", "6252001", "United States", "Portland", "Ameerika Ühendriigid", "Портленд", "Сша"
"Prague", "14.42076", "50.08804", "Prague", "3067696", "Prague", "3077311", "Czechia", "Praha", "Tšehhi Vabariik", "Прага", "Чешская Республика"
"France", "2", "46", "Republic of France", "3017382", "France", "3017382", "France", "Prantsusmaa", "Prantsusmaa", "Франция", "Франция"
"Princeton", "-74.65905", "40.34872", "Princeton", "5102922", "Princeton", "6252001", "United States", "Princeton", "Ameerika Ühendriigid", "Принстон", "Сша"
"Pudisoo", "25.56306", "59.5175", "Pudisoo", "589329", "Pudisoo", "453733", "Estonia", "Pudisoo", "Eesti", "Pudisoo", "Эстония"
"Puerto Rico", "-66.49989", "18.24829", "Puerto Rico", "4566966", "Puerto Rico", "4566966", "Puerto Rico", "Puerto Rico", "Puerto Rico", "Пуэрто-Рико", "Пуэрто-Рико"
"Puhja", "26.34937", "58.37331", "Puhja vald", "7522380", "Puhja vald", "453733", "Estonia", "Puhja vald", "Eesti", "Puhja vald", "Эстония"
"Puka", "-138.813", "-14.8095", "Puka Puka Airport", "7730125", "Puka Puka Airport", "4030656", "French Polynesia", "Puka Puka Airport", "Prantsuse Polüneesia", "Puka Puka Airport", "Французская Полинезия"
"Puurmani", "26.2493", "58.6", "Puurmani vald", "7522382", "Puurmani vald", "453733", "Estonia", "Puurmani vald", "Eesti", "Puurmani vald", "Эстония"
"Põltsamaa", "26.15861", "58.44528", "Põltsamaa Jõgi", "589378", "Põltsamaa Jõgi", "453733", "Estonia", "Põltsamaa Jõgi", "Eesti", "Põltsamaa Jõgi", "Эстония"
"Põlva", "27.16667", "58.08333", "Põlvamaa", "589373", "Põlvamaa", "453733", "Estonia", "Põlva maakond", "Eesti", "Пылвамаа", "Эстония"
"Põlvamaa", "27.16667", "58.08333", "Põlvamaa", "589373", "Põlvamaa", "453733", "Estonia", "Põlva maakond", "Eesti", "Пылвамаа", "Эстония"
"Pärnu", "24.49711", "58.38588", "Pärnu", "589580", "Pärnu", "453733", "Estonia", "Pärnu", "Eesti", "Пярну", "Эстония"
"Pärnu-Jaagupi", "24.50689", "58.61052", "Pärnu-Jaagupi", "589578", "Pärnu-Jaagupi", "453733", "Estonia", "Pärnu-Jaagupi", "Eesti", "Пярну-Яагупи", "Эстония"
"Pärnumaa", "24.49711", "58.38588", "Pärnu", "589580", "Pärnu", "453733", "Estonia", "Pärnu", "Eesti", "Пярну", "Эстония"
"Pööravere", "24.61611", "58.67778", "Pööravere", "589368", "Pööravere", "453733", "Estonia", "Pööravere", "Eesti", "Pööravere", "Эстония"
"Pööravere Primary School", "", "", "", "", "", "", "", "", "", "", ""
"Pühajärve", "26.44167", "58.05", "Myza Pyukhayarve", "589319", "Myza Pyukhayarve", "453733", "Estonia", "Myza Pyukhayarve", "Eesti", "Myza Pyukhayarve", "Эстония"
"Raasiku", "25.18306", "59.36639", "Raasiku", "589223", "Raasiku Parish", "453733", "Estonia", "Raasiku vald", "Eesti", "Раазику", "Эстония"
"Rakke", "26.25444", "58.98167", "Rakke", "589166", "Rakke", "453733", "Estonia", "Rakke", "Eesti", "Ракке", "Эстония"
"Rakvere", "26.35583", "59.34639", "Rakvere", "589165", "Rakvere", "453733", "Estonia", "Rakvere_vald", "Eesti", "Раквере", "Эстония"
"Rannu", "26.18954", "58.30306", "Rannu vald", "7522424", "Rannu vald", "453733", "Estonia", "Rannu vald", "Eesti", "Rannu vald", "Эстония"
"Rapla", "24.7", "58.96667", "Raplamaa", "589115", "Raplamaa", "453733", "Estonia", "Rapla maakond", "Eesti", "Рапламаа", "Эстония"
"Raplamaa", "24.7", "58.96667", "Raplamaa", "589115", "Raplamaa", "453733", "Estonia", "Rapla maakond", "Eesti", "Рапламаа", "Эстония"
"Rauma", "21.51127", "61.12724", "Rauma", "639734", "Rauma", "660013", "Finland", "Rauma linn", "Soome", "Раума", "Финляндия"
"Ruszów (Rauscha)", "15.1791", "51.40231", "Ruszów", "3086619", "Ruszów", "798544", "Poland", "Ruszów", "Poola", "Ruszów", "Польша"
"Richmond", "-77.46026", "37.55376", "Richmond", "4781708", "Richmond", "6252001", "United States", "Richmond", "Ameerika Ühendriigid", "Ричмонд", "Сша"
"Ridala", "23.61528", "58.87667", "Ridala", "794886", "Ridala Parish", "453733", "Estonia", "Ridala vald", "Eesti", "Ридала", "Эстония"
"Riga", "24.10589", "56.946", "Riga", "456172", "Riga", "458258", "Latvia", "Riia", "Läti", "Рига", "Латвия"
"Riisipere", "24.31056", "59.11417", "Riisipere", "589024", "Riisipere", "453733", "Estonia", "Riisipere", "Eesti", "Рийзипере", "Эстония"
"Risti", "24.05108", "59.04276", "Risti vald", "7522403", "Risti vald", "453733", "Estonia", "Risti vald", "Eesti", "Risti vald", "Эстония"
"Risti Railway Station", "", "", "", "", "", "", "", "", "", "", ""
"Sweden", "15", "62", "Kingdom of Sweden", "2661886", "Sweden", "2661886", "Sweden", "Rootsi", "Rootsi", "Швеция", "Швеция"
"Rosenheim", "12.12247", "47.85637", "Rosenheim", "2844988", "Rosenheim", "2921044", "Germany", "Rosenheim", "Saksamaa", "Розенхайм", "Германия"
"Rostock", "12.14049", "54.0887", "Rostock", "2844588", "Rostock", "2921044", "Germany", "Rostock", "Saksamaa", "Росток", "Германия"
"Rottweil", "8.62719", "48.16783", "Rottweil", "2843636", "Rottweil", "2921044", "Germany", "Rottweil", "Saksamaa", "Ротвайль", "Германия"
"Ruhr", "6.87967", "51.43218", "Mülheim", "2867838", "Mülheim", "2921044", "Germany", "Mülheim", "Saksamaa", "Мюльхайм-на-Руре", "Германия"
"Romania", "25", "46", "România", "798549", "Romania", "798549", "Romania", "Rumeenia", "Rumeenia", "Румыния", "Румыния"
"Rõhu", "26.51306", "58.35528", "Rõhu", "588990", "Rõhu", "453733", "Estonia", "Rõhu", "Eesti", "Рыху", "Эстония"
"Rõngu", "26.25796", "58.17019", "Rõngu vald", "7522406", "Rõngu vald", "453733", "Estonia", "Rõngu vald", "Eesti", "Rõngu vald", "Эстония"
"Rügen", "13.4", "54.41667", "Rügen Island", "2843325", "Rügen Island", "2921044", "Germany", "Rügen", "Saksamaa", "Рюген", "Германия"
"Saaremaa", "22.49639", "58.41333", "Saaremaa", "588878", "Saaremaa", "453733", "Estonia", "Saaremaa", "Eesti", "Сааремаа", "Эстония"
"Sacramento", "-121.4944", "38.58157", "Sacramento", "5389489", "Sacramento", "6252001", "United States", "Sacramento", "Ameerika Ühendriigid", "Сакраменто", "Сша"
"Sakhalin", "143", "51", "Sakhalin", "2121530", "Sakhalin", "2017370", "Russia", "Sahhalin", "Venemaa", "Остров Сахалин", "Россия"
"Germany", "10.5", "51.5", "Federal Republic of Germany", "2921044", "Germany", "2921044", "Germany", "Saksamaa", "Saksamaa", "Германия", "Германия"
"Salme", "85.4955", "27.39204", "Salme Chākal", "10321990", "Salme Chākal", "1282988", "Nepal", "Salme Chākal", "Nepaal", "Salme Chākal", "Непал"
"Salzburg", "13.04399", "47.79941", "Salzburg", "2766824", "Salzburg", "2782113", "Austria", "Salzburg", "Austria", "Зальцбург", "Австрия"
"Salt Lake City", "-111.89105", "40.76078", "Salt Lake City", "5780993", "Salt Lake City", "6252001", "United States", "Salt Lake City", "Ameerika Ühendriigid", "Солт-Лейк-Сити", "Сша"
"Zambia", "28.5", "-14.33333", "Republic of Zambia", "895949", "Zambia", "895949", "Zambia", "Zambia", "Zambia", "Замбия", "Замбия"
"San Fransisco", "-122.41942", "37.77493", "San Francisco", "5391959", "San Francisco", "6252001", "United States", "San Francisco", "Ameerika Ühendriigid", "Сан-Франциско", "Сша"
"San Jose", "-84.08333", "9.93333", "San José", "3621849", "San José", "3624060", "Costa Rica", "San José", "Costa Rica", "Сан-Хосе", "Коста-Рика"
"San Leandro", "-122.15608", "37.72493", "San Leandro", "5392263", "San Leandro", "6252001", "United States", "San Leandro", "Ameerika Ühendriigid", "Сан Леандро", "Сша"
"Sangaste", "26.31734", "57.95246", "Sangaste vald", "7522415", "Sangaste vald", "453733", "Estonia", "Sangaste vald", "Eesti", "Sangaste vald", "Эстония"
"Sattendorf", "13.92118", "46.66487", "Sattendorf", "2766313", "Sattendorf", "2782113", "Austria", "Sattendorf", "Austria", "Sattendorf", "Австрия"
"Sauga", "24.49496", "58.4272", "Sauga", "588774", "Sauga", "453733", "Estonia", "Sauga", "Eesti", "Sauga", "Эстония"
"Swabia", "9", "48", "Swabia", "2824481", "Swabia", "2921044", "Germany", "Swabia", "Saksamaa", "Swabia", "Германия"
"Schwanheide", "10.68305", "53.4292", "Schwanheide", "2835249", "Schwanheide", "2921044", "Germany", "Schwanheide", "Saksamaa", "Шванхайде", "Германия"
"Schwarzenbek", "10.48055", "53.50303", "Schwarzenbek", "2835013", "Schwarzenbek", "2921044", "Germany", "Schwarzenbek", "Saksamaa", "Шварценбек", "Германия"
"Schwerin", "11.41316", "53.62937", "Schwerin", "2834282", "Schwerin", "2921044", "Germany", "Schwerin", "Saksamaa", "Шверин", "Германия"
"Schwäbisch Hall", "9.73908", "49.11127", "Schwäbisch Hall", "2835481", "Schwäbisch Hall", "2921044", "Germany", "Schwäbisch Hall", "Saksamaa", "Schwäbisch Hall", "Германия"
"Seabrook", "144.75866", "-37.88092", "Seabrook", "8347752", "Seabrook", "2077456", "Australia", "Seabrook", "Austraalia", "Seabrook", "Австралия"
"Seattle", "-122.33207", "47.60621", "Seattle", "5809844", "Seattle", "6252001", "United States", "Seattle", "Ameerika Ühendriigid", "Сиэтл", "Сша"
"Seliste", "21.70381", "41.67058", "Selište", "8743558", "Selište", "718075", "Macedonia", "Selište", "Makedoonia Vabariik", "Selište", "Македония"
"Setomaa", "27.45176", "57.76819", "Meremäe vald", "7522341", "Meremäe vald", "453733", "Estonia", "Meremäe vald", "Eesti", "Meremäe vald", "Эстония"
"Sevastopol", "33.5224", "44.58883", "Sevastopol", "694423", "Sevastopol", "690791", "Ukraine", "Sevastopol", "Ukraina", "Севастополь", "Украина"
"Siberia", "100", "60", "Siberia", "2016590", "Siberia", "2017370", "Russia", "Siberia", "Venemaa", "Сибирь", "Россия"
"Silesia", "18", "51", "Silesia", "3066138", "Silesia", "798544", "Poland", "Silesia", "Poola", "Silesia", "Польша"
"Sillamäe", "27.76331", "59.39697", "Sillamäe", "588686", "Sillamäe", "453733", "Estonia", "Sillamäe", "Eesti", "Силламяэ", "Эстония"
"Singapore", "103.85007", "1.28967", "Singapore", "1880252", "Singapore", "1880251", "Singapore", "Singapore", "Singapur", "Сингапур", "Сингапур"
"Sinimäe", "27.87488", "59.37403", "Sinimäe", "793501", "Sinimäe", "453733", "Estonia", "Sinimäe", "Eesti", "Sinimäe", "Эстония"
"Smolensk", "32.0401", "54.7818", "Smolensk", "491687", "Smolensk", "2017370", "Russia", "Smolensk", "Venemaa", "Смоленск", "Россия"
"Sompa", "27.315", "59.36056", "Sompa", "588628", "Sompa", "453733", "Estonia", "Sompa", "Eesti", "Сомпа", "Эстония"
"Finland", "26", "64", "Republic of Finland", "660013", "Finland", "660013", "Finland", "Soome", "Soome", "Финляндия", "Финляндия"
"Volgograd (Stalingrad)", "44.50183", "48.71939", "Volgograd", "472757", "Volgograd", "2017370", "Russia", "Volgograd", "Venemaa", "Волгоград", "Россия"
"Stanford", "-122.17024", "37.42716", "Stanford University", "5398590", "Stanford University", "6252001", "United States", "Stanfordi ülikool", "Ameerika Ühendriigid", "Стэнфордский университет", "Сша"
"Stavropol Krai", "41.9734", "45.0428", "Stavropol’", "487846", "Stavropol", "2017370", "Russia", "Stavropol’", "Venemaa", "Ставрополь", "Россия"
"Stockholm", "18.0649", "59.33258", "Stockholm", "2673730", "Stockholm", "2661886", "Sweden", "Stockholm", "Rootsi", "Стокгольм", "Швеция"
"Stuttgart", "9.17702", "48.78232", "Stuttgart", "2825297", "Stuttgart", "2921044", "Germany", "Stuttgart", "Saksamaa", "Штутгарт", "Германия"
"Sudetenland", "", "", "", "", "", "", "", "", "", "", ""
"Suomenlinna", "24.98778", "60.14694", "Suomenlinna", "635713", "Suomenlinna", "660013", "Finland", "Suomenlinna", "Soome", "Свеаборг", "Финляндия"
"Great Britain", "-2.69531", "54.75844", "United Kingdom of Great Britain and Northern Ireland", "2635167", "United Kingdom", "2635167", "United Kingdom", "Suurbritannia", "Ühendkuningriik", "Великобритания", "Великобритания"
"Svaneholms", "", "", "", "", "", "", "", "", "", "", ""
"Yekaterinburg (Sverdlovsk)", "60.6122", "56.8519", "Yekaterinburg", "1486209", "Yekaterinburg", "2017370", "Russia", "Jekaterinburg", "Venemaa", "Екатеринбург", "Россия"
"Sõmerpalu", "26.76852", "57.86225", "Sõmerpalu vald", "7522432", "Sõmerpalu vald", "453733", "Estonia", "Sõmerpalu vald", "Eesti", "Sõmerpalu vald", "Эстония"
"Sõmeru", "26.50458", "59.39226", "Sõmeru vald", "7522433", "Sõmeru vald", "453733", "Estonia", "Sõmeru vald", "Eesti", "Sõmeru vald", "Эстония"
"Sõrve Peninsula", "22.1225", "58.00194", "Sõrve Poolsaar", "588570", "Sõrve Poolsaar", "453733", "Estonia", "Sõrve Poolsaar", "Eesti", "Sõrve Poolsaar", "Эстония"
"Sääla", "24.33462", "58.7166", "Sääla küla", "11052103", "Sääla küla", "453733", "Estonia", "Sääla küla", "Eesti", "Sääla küla", "Эстония"
"Syria", "38", "35", "Syrian Arab Republic", "163843", "Syria", "163843", "Syria", "Süüria", "Süüria", "Сирия", "Сирийская Арабская Республика"
"Sydney", "151.20732", "-33.86785", "Sydney", "2147714", "Sydney", "2077456", "Australia", "Sydney", "Austraalia", "Сидней", "Австралия"
"Syracuse", "-76.14742", "43.04812", "Syracuse", "5140405", "Syracuse", "6252001", "United States", "Syracuse", "Ameerika Ühendriigid", "Сиракьюс", "Сша"
"Scotland", "-4", "56", "Scotland", "2638360", "Scotland", "2635167", "United Kingdom", "Scotland", "Ühendkuningriik", "Шотландия", "Великобритания"
"Switzerland", "8.01427", "47.00016", "Switzerland", "2658434", "Switzerland", "2658434", "Switzerland", "Ĩveits", "Ĩveits", "Швейцария", "Швейцария"
"Danmark", "10", "56", "Kingdom of Denmark", "2623032", "Denmark", "2623032", "Denmark", "Taani", "Taani", "Дания", "Дания"
"Taiwan", "121", "24", "Taiwan", "1668284", "Taiwan", "1668284", "Taiwan", "Taiwan", "Taiwan", "Тайвань", "Тайвань"
"Tallinn", "24.75353", "59.43696", "Tallinn", "588409", "Tallinn", "453733", "Estonia", "Tallinn", "Eesti", "Таллин", "Эстония"
"Tammese", "22.01972", "58.41833", "Tammese", "588389", "Tammese", "453733", "Estonia", "Tammese", "Eesti", "Tammese", "Эстония"
"Tammiku", "26.31667", "59", "Väike-Tammiku", "587912", "Väike-Tammiku", "453733", "Estonia", "Väike-Tammiku", "Eesti", "Väike-Tammiku", "Эстония"
"Tampere", "23.78712", "61.49911", "Tampere", "634963", "Tampere", "660013", "Finland", "Tampere", "Soome", "Тампере", "Финляндия"
"Tamsalu", "26.11528", "59.15861", "Tamsalu", "588365", "Tamsalu", "453733", "Estonia", "Tamsalu", "Eesti", "Тамсалу", "Эстония"
"Tapa", "49.66574", "32.5349", "Tapā", "7542349", "Tapā", "130758", "Iran", "Tapā", "Iraan", "Tapā", "Иран"
"Tartu", "26.72509", "58.38062", "Tartu", "588335", "Tartu", "453733", "Estonia", "Tartu", "Eesti", "Тарту", "Эстония"
"University of Tartu", "26.71982", "58.38108", "University of Tartu", "10114293", "University of Tartu", "453733", "Estonia", "University of Tartu", "Eesti", "University of Tartu", "Эстония"
"Tartumaa", "26.72509", "58.38062", "Tartu", "588335", "Tartu", "453733", "Estonia", "Tartu", "Eesti", "Тарту", "Эстония"
"Texas", "-99.25061", "31.25044", "Texas", "4736286", "Texas", "6252001", "United States", "Texas", "Ameerika Ühendriigid", "Техас", "Сша"
"Thuringia", "11", "50.91667", "Thuringia", "2822542", "Thuringia", "2921044", "Germany", "Thuringia", "Saksamaa", "Thuringia", "Германия"
"Tomsk", "84.97437", "56.49771", "Tomsk", "1489425", "Tomsk", "2017370", "Russia", "Tomsk", "Venemaa", "Томск", "Россия"
"Tomsk Oblast", "84.97437", "56.49771", "Tomsk", "1489425", "Tomsk", "2017370", "Russia", "Tomsk", "Venemaa", "Томск", "Россия"
"Torgu", "22.0875", "57.97583", "Torgu", "588217", "Torgu Parish", "453733", "Estonia", "Torgu vald", "Eesti", "Торгу", "Эстония"
"Toronto", "-79.4163", "43.70011", "Toronto", "6167865", "Toronto", "6251999", "Canada", "Toronto", "Kanada", "Торонто", "Канада"
"Tsirguliina", "26.19694", "57.86", "Tsirguliina", "588187", "Tsirguliina", "453733", "Estonia", "Tsirguliina", "Eesti", "Тсиргулийна", "Эстония"
"Chany", "76.76468", "55.31205", "Chany", "1508458", "Chany", "2017370", "Russia", "Chany", "Venemaa", "Чаны", "Россия"
"Czech Republic (Czechoslovakia)", "14.46672", "50.08292", "Czechoslovakia", "8505031", "Czechoslovakia", "8505033", "", "Tšehhoslovakkia", "", "ЧССР", ""
"Cherepanovo", "83.381", "54.2222", "Cherepanovo", "1508161", "Cherepanovo", "2017370", "Russia", "Cherepanovo", "Venemaa", "Черепаново", "Россия"
"Tukums", "23.15528", "56.96694", "Tukums", "454768", "Tukums", "458258", "Latvia", "Tukums", "Läti", "Тукумс", "Латвия"
"Turku", "22.26869", "60.45148", "Turku", "633679", "Turku", "660013", "Finland", "Turu", "Soome", "Турку", "Финляндия"
"Tõhela", "23.98944", "58.41917", "Tõhela Järv", "588272", "Tõhela Järv", "453733", "Estonia", "Tõhela Järv", "Eesti", "Tõhela Järv", "Эстония"
"Tõhela Primary School", "", "", "", "", "", "", "", "", "", "", ""
"Tõhela Dairy", "", "", "", "", "", "", "", "", "", "", ""
"Tõnismäe Hospital", "", "", "", "", "", "", "", "", "", "", ""
"Tõravere", "26.45861", "58.26944", "Tõravere", "588221", "Tõravere", "453733", "Estonia", "Tõravere", "Eesti", "Tõravere", "Эстония"
"Tõstamaa", "24.05591", "58.33885", "Tõstamaa vald", "7522472", "Tõstamaa vald", "453733", "Estonia", "Tõstamaa vald", "Eesti", "Tõstamaa vald", "Эстония"
"Tähtvere", "26.64944", "58.40889", "Tähtvere", "794034", "Tähtvere Parish", "453733", "Estonia", "Tähtvere vald", "Eesti", "Тяхтвере", "Эстония"
"Turkey", "35", "39", "Republic of Turkey", "298795", "Turkey", "298795", "Turkey", "Türgi", "Türgi", "Турция", "Турция"
"Tynningö", "18.38333", "59.38333", "Tynningö", "2666783", "Tynningö", "2661886", "Sweden", "Tynningö", "Rootsi", "Tynningö", "Швеция"
"Tyresö", "18.28074", "59.24148", "Tyresö Kommun", "2666778", "Tyresö Kommun", "2661886", "Sweden", "Tyresö Kommun", "Rootsi", "Tyresö Kommun", "Швеция"
"Uddevalla", "11.9424", "58.34784", "Uddevalla", "2666670", "Uddevalla", "2661886", "Sweden", "Uddevalla", "Rootsi", "Уддевалла", "Швеция"
"Ufa", "55.96779", "54.74306", "Ufa", "479561", "Ufa", "2017370", "Russia", "Ufa", "Venemaa", "Уфа", "Россия"
"Uffing", "11.15034", "47.71378", "Uffing", "2820419", "Uffing", "2921044", "Germany", "Uffing", "Saksamaa", "Uffing", "Германия"
"Ukraine", "32", "49", "Ukraine", "690791", "Ukraine", "690791", "Ukraine", "Ukraina", "Ukraina", "Украина", "Украина"
"Ulm", "9.99155", "48.39841", "Ulm", "2820256", "Ulm", "2921044", "Germany", "Ulm", "Saksamaa", "Ульм", "Германия"
"Uppsala", "17.63889", "59.85882", "Uppsala", "2666199", "Uppsala", "2661886", "Sweden", "Uppsala", "Rootsi", "Уппсала", "Швеция"
"Uržum", "", "", "", "", "", "", "", "", "", "", ""
"USA", "-98.5", "39.76", "United States", "6252001", "United States", "6252001", "United States", "Ameerika Ühendriigid", "Ameerika Ühendriigid", "США", "Сша"
"Oust Ousa, Komi", "", "", "", "", "", "", "", "", "", "", ""
"Utah", "-111.65853", "40.23384", "Provo", "5780026", "Provo", "6252001", "United States", "Provo", "Ameerika Ühendriigid", "Прово", "Сша"
"Uue-Kariste", "25.31806", "58.24", "Uue-Kariste", "588022", "Uue-Kariste", "453733", "Estonia", "Uue-Kariste", "Eesti", "Ууэ-Каристе", "Эстония"
"New Zealand", "174", "-42", "New Zealand", "2186224", "New Zealand", "2186224", "New Zealand", "Uus Meremaa", "Uus Meremaa", "Новая Зеландия", "Новая Зеландия"
"Vaasa", "21.61577", "63.096", "Vaasa", "632978", "Vaasa", "660013", "Finland", "Vaasa", "Soome", "Вааса", "Финляндия"
"Vabaduse boulevard", "", "", "", "", "", "", "", "", "", "", ""
"Vabriku street", "", "", "", "", "", "", "", "", "", "", ""
"Vainu", "24.63759", "58.41679", "Vainu küla", "11051884", "Vainu küla", "453733", "Estonia", "Vainu küla", "Eesti", "Vainu küla", "Эстония"
"Valga", "26.0473", "57.77781", "Valga", "587876", "Valga", "453733", "Estonia", "Valga", "Eesti", "Валга", "Эстония"
"Valgamaa", "26.16667", "57.91667", "Valgamaa", "587875", "Valgamaa", "453733", "Estonia", "Valga maakond", "Eesti", "Валгамаа", "Эстония"
"Belarus", "28", "53", "Republic of Belarus", "630336", "Belarus", "630336", "Belarus", "Valgevene", "Valgevene", "Беларусь", "Беларусь"
"Vancouver", "-123.11934", "49.24966", "Vancouver", "6173331", "Vancouver", "6251999", "Canada", "Vancouver", "Kanada", "Ванкувер", "Канада"
"Varbola", "24.44917", "59.04333", "Varbola", "795030", "Varbola", "453733", "Estonia", "Varbola", "Eesti", "Варбола", "Эстония"
"Vasalemma", "24.26493", "59.24089", "Vasalemma vald", "7522454", "Vasalemma vald", "453733", "Estonia", "Vasalemma vald", "Eesti", "Vasalemma vald", "Эстония"
"Vastseliina", "27.26341", "57.74476", "Vastseliina vald", "7522456", "Vastseliina vald", "453733", "Estonia", "Vastseliina vald", "Eesti", "Vastseliina vald", "Эстония"
"Vastemõisa", "25.43306", "58.44222", "Vastemõisa", "587715", "Vastemõisa", "453733", "Estonia", "Vastemõisa", "Eesti", "Вастеймыйза", "Эстония"
"Velikiye Luki", "30.54517", "56.34", "Velikiye Luki", "476077", "Velikiye Luki", "2017370", "Russia", "Velikije Luki", "Venemaa", "Великие Луки", "Россия"
"Velise", "24.54194", "58.78556", "Velise-Nõlva", "587683", "Velise-Nõlva", "453733", "Estonia", "Velise-Nõlva", "Eesti", "Velise-Nõlva", "Эстония"
"Russia", "100", "60", "Russian Federation", "2017370", "Russia", "2017370", "Russia", "Venemaa", "Venemaa", "Россия", "Россия"
"Ventspils", "21.57288", "57.38988", "Ventspils", "454310", "Ventspils", "458258", "Latvia", "Ventspils", "Läti", "Вентспилс", "Латвия"
"Vietnam", "107.83333", "16.16667", "Socialist Republic of Vietnam", "1562822", "Vietnam", "1562822", "Vietnam", "Vietnam", "Vietnam", "Вьетнам", "Вьетнам"
"Vigala", "24.28582", "58.73564", "Vigala vald", "7522458", "Vigala vald", "453733", "Estonia", "Vigala vald", "Eesti", "Vigala vald", "Эстония"
"Vigala Parish", "24.28582", "58.73564", "Vigala vald", "7522458", "Vigala vald", "453733", "Estonia", "Vigala vald", "Eesti", "Vigala vald", "Эстония"
"Viimsi", "24.84833", "59.50204", "Viimsi vald", "7522460", "Viimsi Parish", "453733", "Estonia", "Viimsi vald", "Eesti", "Viimsi vald", "Эстония"
"Vienna", "16.37208", "48.20849", "Vienna", "2761369", "Vienna", "2782113", "Austria", "Viin", "Austria", "Вена", "Австрия"
"Viljandi", "25.59", "58.36389", "Viljandi", "587577", "Viljandi", "453733", "Estonia", "Viljandi", "Eesti", "Вильянди", "Эстония"
"Viljandimaa", "25.56667", "58.33333", "Viljandimaa", "587590", "Viljandimaa", "453733", "Estonia", "Viljandi maakond", "Eesti", "Вильяндимаа", "Эстония"
"Vilnius", "25.2798", "54.68916", "Vilnius", "593116", "Vilnius", "597427", "Lithuania", "Vilnius", "Leedu", "Вильнюс", "Литва"
"Virginia", "-81.63262", "38.34982", "Charleston", "4801859", "Charleston", "6252001", "United States", "Charleston", "Ameerika Ühendriigid", "Чарлстон", "Сша"
"Virtsu", "23.52389", "58.57", "Virtsu", "587559", "Virtsu", "453733", "Estonia", "Virtsu", "Eesti", "Виртсу", "Эстония"
"Visby", "18.29602", "57.64089", "Visby", "2662689", "Visby", "2661886", "Sweden", "Visby", "Rootsi", "Висбю", "Швеция"
"Vorarlberg", "9.91667", "47.25", "Vorarlberg", "2762300", "Vorarlberg", "2782113", "Austria", "Vorarlberg", "Austria", "Форарльберг", "Австрия"
"Vorbuse", "26.65833", "58.41667", "Vorbuse", "587458", "Vorbuse", "453733", "Estonia", "Vorbuse", "Eesti", "Vorbuse", "Эстония"
"Vorkuta", "64.05253", "67.49884", "Vorkuta", "1486910", "Vorkuta", "2017370", "Russia", "Vorkuta", "Venemaa", "Воркута", "Россия"
"Vormsi", "23.24639", "59.00528", "Vormsi", "587455", "Vormsi", "453733", "Estonia", "Vormsi", "Eesti", "Вормси", "Эстония"
"Võhma", "25.54833", "58.62833", "Võhma", "587517", "Võhma", "453733", "Estonia", "Võhma", "Eesti", "Выхма", "Эстония"
"Võru", "27.01944", "57.83389", "Võru", "587450", "Võru", "453733", "Estonia", "Võru vald", "Eesti", "Выру", "Эстония"
"Võrumaa", "26.93333", "57.76667", "Võrumaa", "587448", "Võrumaa", "453733", "Estonia", "Võru maakond", "Eesti", "Вырумаа", "Эстония"
"Võsu", "25.97528", "59.5725", "Võsu", "587445", "Võsu", "453733", "Estonia", "Võsu", "Eesti", "Võsu", "Эстония"
"Väike-Ameerika Street", "", "", "", "", "", "", "", "", "", "", ""
"Vändra", "25.03611", "58.64806", "Vändra", "587440", "Vändra", "453733", "Estonia", "Vändra", "Eesti", "Вяндра", "Эстония"
"Värska", "27.6626", "57.92269", "Värska vald", "7522397", "Värska vald", "453733", "Estonia", "Värska vald", "Eesti", "Värska vald", "Эстония"
"Vääna-Jõesuu", "24.3814", "59.42701", "Vääna-Jõesuu", "794950", "Vääna-Jõesuu", "453733", "Estonia", "Vääna-Jõesuu", "Eesti", "Vääna-Jõesuu", "Эстония"
"Washington", "-77.03637", "38.89511", "Washington, D.C.", "4140963", "Washington", "6252001", "United States", "Washington, D.C.", "Ameerika Ühendriigid", "Вашингтон", "Сша"
"Wentdorf", "11.67458", "53.02611", "Wentdorf", "2811039", "Wentdorf", "2921044", "Germany", "Wentdorf", "Saksamaa", "Wentdorf", "Германия"
"Wilhelmshagen", "13.71511", "52.43367", "Wilhelmshagen", "2808724", "Wilhelmshagen", "2921044", "Germany", "Wilhelmshagen", "Saksamaa", "Wilhelmshagen", "Германия"
"Williams College", "-73.20288", "42.71675", "Williams College", "4955748", "Williams College", "6252001", "United States", "Williams College", "Ameerika Ühendriigid", "Williams College", "Сша"
"Winnipeg", "-97.14704", "49.8844", "Winnipeg", "6183235", "Winnipeg", "6251999", "Canada", "Winnipeg", "Kanada", "Виннипег", "Канада"
"Wismar", "11.45286", "53.89314", "Wismar", "2807465", "Wismar", "2921044", "Germany", "Wismar", "Saksamaa", "Висмар", "Германия"
"Wittenberg", "-89.16956", "44.8272", "Wittenberg", "5279483", "Wittenberg", "6252001", "United States", "Wittenberg", "Ameerika Ühendriigid", "Wittenberg", "Сша"
"Õismäe", "24.64673", "59.41528", "Väike-Õismäe", "589867", "Väike-Õismäe", "453733", "Estonia", "Väike-Õismäe", "Eesti", "Väike-Õismäe", "Эстония"
"Õru", "-67.15", "-17.98333", "Oruro", "3909234", "Oruro", "3923057", "Bolivia", "Oruro", "Boliivia", "Оруро", "Боливия"
"Älvängen", "12.1235", "57.95872", "Älvängen", "2726347", "Älvängen", "2661886", "Sweden", "Älvängen", "Rootsi", "Älvängen", "Швеция"
"Ülemiste Railway Station", "", "", "", "", "", "", "", "", "", "", ""
